ticker_yf,status,TICKER_YF,SETOR_B3,TICKER_ORIGINAL
AERI3.SA,ok,AERI3.SA,Bens Industriais,AERI3
ALLD3.SA,ok,ALLD3.SA,Comunicações,ALLD3
BDLL4.SA,ok,BDLL4.SA,Bens Industriais,BDLL4
BMOB3.SA,ok,BMOB3.SA,Comunicações,BMOB3
CBEE3.SA,ok,CBEE3.SA,Comunicações,CBEE3
CBMA3.SA,ok,CBMA3.SA,Bens Industriais,CBMA3
DESK3.SA,ok,DESK3.SA,Comunicações,DESK3
DTCY3.SA,ok,DTCY3.SA,Comunicações,DTCY3
FRAS3.SA,ok,FRAS3.SA,Bens Industriais,FRAS3
FRIO3.SA,ok,FRIO3.SA,Bens Industriais,FRIO3
INEP3.SA,ok,INEP3.SA,Bens Industriais,INEP3
INEP4.SA,ok,INEP4.SA,Bens Industriais,INEP4
LEVE3.SA,ok,LEVE3.SA,Bens Industriais,LEVE3
LIGT3.SA,ok,LIGT3.SA,Bens Industriais,LIGT3
LUPA3.SA,ok,LUPA3.SA,Bens Industriais,LUPA3
MMAQ4.SA,ok,MMAQ4.SA,Bens Industriais,MMAQ4
MYPK3.SA,ok,MYPK3.SA,Bens Industriais,MYPK3
OIBR3.SA,ok,OIBR3.SA,Comunicações,OIBR3
PDTC3.SA,ok,PDTC3.SA,Comunicações,PDTC3
PLAS3.SA,ok,PLAS3.SA,Bens Industriais,PLAS3
POMO4.SA,ok,POMO4.SA,Bens Industriais,POMO4
RAPT4.SA,ok,RAPT4.SA,Bens Industriais,RAPT4
RCSL3.SA,ok,RCSL3.SA,Bens Industriais,RCSL3
ROMI3.SA,ok,ROMI3.SA,Bens Industriais,ROMI3
RSUL4.SA,ok,RSUL4.SA,Bens Industriais,RSUL4
TASA4.SA,ok,TASA4.SA,Bens Industriais,TASA4
TELB4.SA,ok,TELB4.SA,Comunicações,TELB4
TOTS3.SA,ok,TOTS3.SA,Bens Industriais,TOTS3
VIVT3.SA,ok,VIVT3.SA,Comunicações,VIVT3
WEGE3.SA,ok,WEGE3.SA,Bens Industriais,WEGE3
WHRL3.SA,ok,WHRL3.SA,Bens Industriais,WHRL3
WLMM4.SA,ok,WLMM4.SA,Bens Industriais,WLMM4
ALPK3.SA,ok,ALPK3.SA,Construção e Transporte,ALPK3
ARML3.SA,ok,ARML3.SA,Construção e Transporte,ARML3
AVLL3.SA,ok,AVLL3.SA,Construção e Transporte,AVLL3
CALI3.SA,ok,CALI3.SA,Construção e Transporte,CALI3
CASH3.SA,ok,CASH3.SA,Comunicações,CASH3
CORR4.SA,ok,CORR4.SA,Construção e Transporte,CORR4
CYRE3.SA,ok,CYRE3.SA,Construção e Transporte,CYRE3
DOTZ3.SA,ok,DOTZ3.SA,Comunicações,DOTZ3
ETER3.SA,ok,ETER3.SA,Construção e Transporte,ETER3
EUCA4.SA,ok,EUCA4.SA,Construção e Transporte,EUCA4
EZTC3.SA,ok,EZTC3.SA,Comunicações,EZTC3
FIQE3.SA,ok,FIQE3.SA,Comunicações,FIQE3
GFSA3.SA,ok,GFSA3.SA,Construção e Transporte,GFSA3
JFEN3.SA,ok,JFEN3.SA,Construção e Transporte,JFEN3
LWSA3.SA,ok,LWSA3.SA,Comunicações,LWSA3
MLAS3.SA,ok,MLAS3.SA,Comunicações,MLAS3
NGRD3.SA,ok,NGRD3.SA,Comunicações,NGRD3
POSI3.SA,ok,POSI3.SA,Comunicações,POSI3
PTBL3.SA,ok,PTBL3.SA,Construção e Transporte,PTBL3
RSID3.SA,ok,RSID3.SA,Construção e Transporte,RSID3
SOND5.SA,ok,SOND5.SA,Construção e Transporte,SOND5
TIMS3.SA,ok,TIMS3.SA,Comunicações,TIMS3
TRAD3.SA,ok,TRAD3.SA,Comunicações,TRAD3
VLID3.SA,ok,VLID3.SA,Comunicações,VLID3
VSPT3.SA,ok,VSPT3.SA,Construção e Transporte,VSPT3
AZUL4.SA,ok,AZUL4.SA,Construção e Transporte,AZUL4
CURY3.SA,ok,CURY3.SA,Construção e Transporte,CURY3
DIRR3.SA,ok,DIRR3.SA,Construção e Transporte,DIRR3
DXCO3.SA,ok,DXCO3.SA,Construção e Transporte,DXCO3
ECOR3.SA,ok,ECOR3.SA,Construção e Transporte,ECOR3
EVEN3.SA,ok,EVEN3.SA,Construção e Transporte,EVEN3
GUAR3.SA,ok,GUAR3.SA,Construção e Transporte,GUAR3
HBOR3.SA,ok,HBOR3.SA,Construção e Transporte,HBOR3
HBRE3.SA,ok,HBRE3.SA,Construção e Transporte,HBRE3
HBSA3.SA,ok,HBSA3.SA,Construção e Transporte,HBSA3
LREN3.SA,ok,LREN3.SA,Construção e Transporte,LREN3
TEND3.SA,ok,TEND3.SA,Construção e Transporte,TEND3
JHSF3.SA,ok,JHSF3.SA,Construção e Transporte,JHSF3
LAVV3.SA,ok,LAVV3.SA,Construção e Transporte,LAVV3
LOGG3.SA,ok,LOGG3.SA,Construção e Transporte,LOGG3
LOGN3.SA,ok,LOGN3.SA,Construção e Transporte,LOGN3
LPSB3.SA,ok,LPSB3.SA,Construção e Transporte,LPSB3
MDNE3.SA,ok,MDNE3.SA,Construção e Transporte,MDNE3
MELK3.SA,ok,MELK3.SA,Construção e Transporte,MELK3
MILS3.SA,ok,MILS3.SA,Construção e Transporte,MILS3
MOVI3.SA,ok,MOVI3.SA,Construção e Transporte,MOVI3
MRVE3.SA,ok,MRVE3.SA,Construção e Transporte,MRVE3
MTRE3.SA,ok,MTRE3.SA,Construção e Transporte,MTRE3
MULT3.SA,ok,MULT3.SA,Construção e Transporte,MULT3
PDGR3.SA,ok,PDGR3.SA,Construção e Transporte,PDGR3
PLPL3.SA,ok,PLPL3.SA,Construção e Transporte,PLPL3
PRNR3.SA,ok,PRNR3.SA,Construção e Transporte,PRNR3
RDNI3.SA,ok,RDNI3.SA,Construção e Transporte,RDNI3
RENT3.SA,ok,RENT3.SA,Construção e Transporte,RENT3
SEQL3.SA,ok,SEQL3.SA,Construção e Transporte,SEQL3
SIMH3.SA,ok,SIMH3.SA,Construção e Transporte,SIMH3
SYNE3.SA,ok,SYNE3.SA,Construção e Transporte,SYNE3
TCSA3.SA,ok,TCSA3.SA,Construção e Transporte,TCSA3
TGMA3.SA,ok,TGMA3.SA,Construção e Transporte,TGMA3
TPIS3.SA,ok,TPIS3.SA,Construção e Transporte,TPIS3
TRIS3.SA,ok,TRIS3.SA,Construção e Transporte,TRIS3
UCAS3.SA,ok,UCAS3.SA,Construção e Transporte,UCAS3
VAMO3.SA,ok,VAMO3.SA,Construção e Transporte,VAMO3
AGXY3.SA,ok,AGXY3.SA,Consumo Cíclico,AGXY3
AHEB3.SA,ok,AHEB3.SA,Consumo Cíclico,AHEB3
ALOS3.SA,ok,ALOS3.SA,Consumo Cíclico,ALOS3
ALPA4.SA,ok,ALPA4.SA,Consumo Cíclico,ALPA4
AMER3.SA,ok,AMER3.SA,Consumo Cíclico,AMER3
AZZA3.SA,ok,AZZA3.SA,Consumo Cíclico,AZZA3
BHIA3.SA,ok,BHIA3.SA,Consumo Cíclico,BHIA3
BMKS3.SA,ok,BMKS3.SA,Consumo Cíclico,BMKS3
CAMB3.SA,ok,CAMB3.SA,Consumo Cíclico,CAMB3
CEAB3.SA,ok,CEAB3.SA,Consumo Cíclico,CEAB3
CEDO4.SA,ok,CEDO4.SA,Consumo Cíclico,CEDO4
CGRA4.SA,ok,CGRA4.SA,Consumo Cíclico,CGRA4
CTKA4.SA,ok,CTKA4.SA,Consumo Cíclico,CTKA4
CTSA4.SA,ok,CTSA4.SA,Consumo Cíclico,CTSA4
DOHL4.SA,ok,DOHL4.SA,Consumo Cíclico,DOHL4
EGIE3.SA,ok,EGIE3.SA,Consumo Cíclico,EGIE3
ESTR4.SA,ok,ESTR4.SA,Consumo Cíclico,ESTR4
HOOT4.SA,ok,HOOT4.SA,Consumo Cíclico,HOOT4
IGTI11.SA,ok,IGTI11.SA,Consumo Cíclico,IGTI11
MNDL3.SA,ok,MNDL3.SA,Consumo Cíclico,MNDL3
PCAR3.SA,ok,PCAR3.SA,Consumo Cíclico,PCAR3
PNVL3.SA,ok,PNVL3.SA,Consumo Cíclico,PNVL3
PTNT4.SA,ok,PTNT4.SA,Consumo Cíclico,PTNT4
RADL3.SA,ok,RADL3.SA,Consumo Cíclico,RADL3
SLED4.SA,ok,SLED4.SA,Consumo Cíclico,SLED4
TEKA4.SA,ok,TEKA4.SA,Consumo Cíclico,TEKA4
TXRX4.SA,ok,TXRX4.SA,Consumo Cíclico,TXRX4
VIVR3.SA,ok,VIVR3.SA,Construção e Transporte,VIVR3
VULC3.SA,ok,VULC3.SA,Consumo Cíclico,VULC3
AMAR3.SA,ok,AMAR3.SA,Consumo Cíclico,AMAR3
APTI4.SA,ok,APTI4.SA,Consumo Não Cíclico,APTI4
ASAI3.SA,ok,ASAI3.SA,Consumo Cíclico,ASAI3
BAUH4.SA,ok,BAUH4.SA,Consumo Não Cíclico,BAUH4
CVCB3.SA,ok,CVCB3.SA,Consumo Cíclico,CVCB3
DMVF3.SA,ok,DMVF3.SA,Consumo Cíclico,DMVF3
ENJU3.SA,ok,ENJU3.SA,Consumo Cíclico,ENJU3
FICT3.SA,ok,FICT3.SA,Consumo Não Cíclico,FICT3
GMAT3.SA,ok,GMAT3.SA,Consumo Cíclico,GMAT3
GRND3.SA,ok,GRND3.SA,Consumo Cíclico,GRND3
GSHP3.SA,ok,GSHP3.SA,Consumo Cíclico,GSHP3
IFCM3.SA,ok,IFCM3.SA,Consumo Cíclico,IFCM3
INTB3.SA,ok,INTB3.SA,Consumo Cíclico,INTB3
LJQQ3.SA,ok,LJQQ3.SA,Consumo Cíclico,LJQQ3
MGLU3.SA,ok,MGLU3.SA,Consumo Cíclico,MGLU3
ODER4.SA,ok,ODER4.SA,Consumo Não Cíclico,ODER4
OFSA3.SA,ok,OFSA3.SA,Consumo Cíclico,OFSA3
PETZ3.SA,ok,PETZ3.SA,Consumo Cíclico,PETZ3
PFRM3.SA,ok,PFRM3.SA,Consumo Cíclico,PFRM3
PGMN3.SA,ok,PGMN3.SA,Consumo Cíclico,PGMN3
RAIZ4.SA,ok,RAIZ4.SA,Consumo Cíclico,RAIZ4
SBFG3.SA,ok,SBFG3.SA,Consumo Cíclico,SBFG3
SHOW3.SA,ok,SHOW3.SA,Consumo Cíclico,SHOW3
SMFT3.SA,ok,SMFT3.SA,Consumo Cíclico,SMFT3
TECN3.SA,ok,TECN3.SA,Consumo Cíclico,TECN3
TFCO4.SA,ok,TFCO4.SA,Consumo Cíclico,TFCO4
VBBR3.SA,ok,VBBR3.SA,Consumo Cíclico,VBBR3
VIVA3.SA,ok,VIVA3.SA,Consumo Cíclico,VIVA3
VSTE3.SA,ok,VSTE3.SA,Consumo Cíclico,VSTE3
VVEO3.SA,ok,VVEO3.SA,Consumo Cíclico,VVEO3
WEST3.SA,ok,WEST3.SA,Consumo Não Cíclico,WEST3
XPBR31.SA,ok,XPBR31.SA,Consumo Cíclico,XPBR31
ABEV3.SA,ok,ABEV3.SA,Consumo Não Cíclico,ABEV3
AGRO3.SA,ok,AGRO3.SA,Consumo Não Cíclico,AGRO3
BAZA3.SA,ok,BAZA3.SA,Financeiro,BAZA3
BBAS3.SA,ok,BBAS3.SA,Financeiro,BBAS3
BBDC4.SA,ok,BBDC4.SA,Financeiro,BBDC4
BEEF3.SA,ok,BEEF3.SA,Consumo Não Cíclico,BEEF3
BEES4.SA,ok,BEES4.SA,Financeiro,BEES4
BGIP4.SA,ok,BGIP4.SA,Financeiro,BGIP4
BMEB4.SA,ok,BMEB4.SA,Financeiro,BMEB4
BMIN4.SA,ok,BMIN4.SA,Financeiro,BMIN4
BNBR3.SA,ok,BNBR3.SA,Financeiro,BNBR3
BPAN4.SA,ok,BPAN4.SA,Financeiro,BPAN4
BPAR3.SA,ok,BPAR3.SA,Financeiro,BPAR3
BRSR6.SA,ok,BRSR6.SA,Financeiro,BRSR6
CAML3.SA,ok,CAML3.SA,Consumo Não Cíclico,CAML3
CSAN3.SA,ok,CSAN3.SA,Consumo Não Cíclico,CSAN3
JALL3.SA,ok,JALL3.SA,Consumo Não Cíclico,JALL3
JOPA4.SA,ok,JOPA4.SA,Consumo Não Cíclico,JOPA4
MDIA3.SA,ok,MDIA3.SA,Consumo Não Cíclico,MDIA3
MEAL3.SA,ok,MEAL3.SA,Consumo Não Cíclico,MEAL3
MNPR3.SA,ok,MNPR3.SA,Consumo Não Cíclico,MNPR3
NUTR3.SA,ok,NUTR3.SA,Consumo Não Cíclico,NUTR3
RPAD5.SA,ok,RPAD5.SA,Financeiro,RPAD5
SLCE3.SA,ok,SLCE3.SA,Consumo Não Cíclico,SLCE3
SMTO3.SA,ok,SMTO3.SA,Consumo Não Cíclico,SMTO3
SOJA3.SA,ok,SOJA3.SA,Consumo Não Cíclico,SOJA3
TTEN3.SA,ok,TTEN3.SA,Consumo Não Cíclico,TTEN3
VITT3.SA,ok,VITT3.SA,Consumo Não Cíclico,VITT3
ABCB4.SA,ok,ABCB4.SA,Financeiro,ABCB4
B3SA3.SA,ok,B3SA3.SA,Financeiro,B3SA3
BALM4.SA,ok,BALM4.SA,Materiais Básicos,BALM4
BBSE3.SA,ok,BBSE3.SA,Financeiro,BBSE3
BMGB4.SA,ok,BMGB4.SA,Financeiro,BMGB4
BPAC3.SA,ok,BPAC3.SA,Financeiro,BPAC3
BRAP4.SA,ok,BRAP4.SA,Materiais Básicos,BRAP4
BRBI11.SA,ok,BRBI11.SA,Financeiro,BRBI11
BRGE11.SA,ok,BRGE11.SA,Financeiro,BRGE11
BRKM5.SA,ok,BRKM5.SA,Materiais Básicos,BRKM5
CRIV4.SA,ok,CRIV4.SA,Financeiro,CRIV4
CSNA3.SA,ok,CSNA3.SA,Materiais Básicos,CSNA3
CXSE3.SA,ok,CXSE3.SA,Financeiro,CXSE3
EALT3.SA,ok,EALT3.SA,Materiais Básicos,EALT3
FESA4.SA,ok,FESA4.SA,Materiais Básicos,FESA4
FIGE4.SA,ok,FIGE4.SA,Financeiro,FIGE4
HBTS5.SA,ok,HBTS5.SA,Financeiro,HBTS5
IRBR3.SA,ok,IRBR3.SA,Financeiro,IRBR3
ITSA4.SA,ok,ITSA4.SA,Financeiro,ITSA4
ITUB4.SA,ok,ITUB4.SA,Financeiro,ITUB4
MERC4.SA,ok,MERC4.SA,Financeiro,MERC4
MSPA4.SA,ok,MSPA4.SA,Materiais Básicos,MSPA4
PEAB4.SA,ok,PEAB4.SA,Financeiro,PEAB4
PSSA3.SA,ok,PSSA3.SA,Financeiro,PSSA3
QUAL3.SA,ok,QUAL3.SA,Financeiro,QUAL3
SANB11.SA,ok,SANB11.SA,Financeiro,SANB11
AURA33.SA,ok,AURA33.SA,Materiais Básicos,AURA33
CBAV3.SA,ok,CBAV3.SA,Materiais Básicos,CBAV3
CMIN3.SA,ok,CMIN3.SA,Materiais Básicos,CMIN3
COGN3.SA,ok,COGN3.SA,Outros,COGN3
CRPG5.SA,ok,CRPG5.SA,Materiais Básicos,CRPG5
DEXP4.SA,ok,DEXP4.SA,Outros,DEXP4
EPAR3.SA,ok,EPAR3.SA,Outros,EPAR3
FHER3.SA,ok,FHER3.SA,Materiais Básicos,FHER3
GGBR4.SA,ok,GGBR4.SA,Materiais Básicos,GGBR4
GOAU3.SA,ok,GOAU3.SA,Materiais Básicos,GOAU3
HAGA4.SA,ok,HAGA4.SA,Materiais Básicos,HAGA4
HETA4.SA,ok,HETA4.SA,Materiais Básicos,HETA4
KEPL3.SA,ok,KEPL3.SA,Materiais Básicos,KEPL3
KLBN11.SA,ok,KLBN11.SA,Materiais Básicos,KLBN11
MAPT4.SA,ok,MAPT4.SA,Outros,MAPT4
MGEL4.SA,ok,MGEL4.SA,Materiais Básicos,MGEL4
MOAR3.SA,ok,MOAR3.SA,Outros,MOAR3
MTSA4.SA,ok,MTSA4.SA,Materiais Básicos,MTSA4
MWET4.SA,ok,MWET4.SA,Materiais Básicos,MWET4
NORD3.SA,ok,NORD3.SA,Materiais Básicos,NORD3
PATI4.SA,ok,PATI4.SA,Materiais Básicos,PATI4
PMAM3.SA,ok,PMAM3.SA,Materiais Básicos,PMAM3
RANI3.SA,ok,RANI3.SA,Materiais Básicos,RANI3
SHUL4.SA,ok,SHUL4.SA,Materiais Básicos,SHUL4
SNSY5.SA,ok,SNSY5.SA,Materiais Básicos,SNSY5
SUZB3.SA,ok,SUZB3.SA,Materiais Básicos,SUZB3
TKNO4.SA,ok,TKNO4.SA,Materiais Básicos,TKNO4
TUPY3.SA,ok,TUPY3.SA,Materiais Básicos,TUPY3
UNIP6.SA,ok,UNIP6.SA,Materiais Básicos,UNIP6
USIM5.SA,ok,USIM5.SA,Materiais Básicos,USIM5
VALE3.SA,ok,VALE3.SA,Materiais Básicos,VALE3
AALR3.SA,ok,AALR3.SA,Saúde,AALR3
BIOM3.SA,ok,BIOM3.SA,Saúde,BIOM3
BLAU3.SA,ok,BLAU3.SA,Saúde,BLAU3
BOBR4.SA,ok,BOBR4.SA,Saúde,BOBR4
BPHA3.SA,ok,BPHA3.SA,Saúde,BPHA3
BRAV3.SA,ok,BRAV3.SA,"Petróleo, Gás e Biocombustíveis",BRAV3
BRPR3.SA,ok,BRPR3.SA,Outros,BRPR3
CSED3.SA,ok,CSED3.SA,Outros,CSED3
CSUD3.SA,ok,CSUD3.SA,Outros,CSUD3
DASA3.SA,ok,DASA3.SA,Saúde,DASA3
FLRY3.SA,ok,FLRY3.SA,Saúde,FLRY3
GGPS3.SA,ok,GGPS3.SA,Outros,GGPS3
HAPV3.SA,ok,HAPV3.SA,Saúde,HAPV3
HYPE3.SA,ok,HYPE3.SA,Saúde,HYPE3
LUXM4.SA,ok,LUXM4.SA,Outros,LUXM4
MATD3.SA,ok,MATD3.SA,Saúde,MATD3
OPCT3.SA,ok,OPCT3.SA,"Petróleo, Gás e Biocombustíveis",OPCT3
OSXB3.SA,ok,OSXB3.SA,Outros,OSXB3
PETR4.SA,ok,PETR4.SA,"Petróleo, Gás e Biocombustíveis",PETR4
PPAR3.SA,ok,PPAR3.SA,Outros,PPAR3
PRIO3.SA,ok,PRIO3.SA,Saúde,PRIO3
RECV3.SA,ok,RECV3.SA,"Petróleo, Gás e Biocombustíveis",RECV3
RPMG3.SA,ok,RPMG3.SA,"Petróleo, Gás e Biocombustíveis",RPMG3
SCAR3.SA,ok,SCAR3.SA,Outros,SCAR3
SEER3.SA,ok,SEER3.SA,Outros,SEER3
UGPA3.SA,ok,UGPA3.SA,"Petróleo, Gás e Biocombustíveis",UGPA3
YDUQ3.SA,ok,YDUQ3.SA,"Petróleo, Gás e Biocombustíveis",YDUQ3
AURE3.SA,ok,AURE3.SA,Utilidade Pública,AURE3
CASN3.SA,ok,CASN3.SA,Utilidade Pública,CASN3
CEBR3.SA,ok,CEBR3.SA,Utilidade Pública,CEBR3
CEEB3.SA,ok,CEEB3.SA,Utilidade Pública,CEEB3
CGAS5.SA,ok,CGAS5.SA,Utilidade Pública,CGAS5
CLSC4.SA,ok,CLSC4.SA,Utilidade Pública,CLSC4
CMIG4.SA,ok,CMIG4.SA,Utilidade Pública,CMIG4
COCE5.SA,ok,COCE5.SA,Utilidade Pública,COCE5
CPFE3.SA,ok,CPFE3.SA,Utilidade Pública,CPFE3
EKTR4.SA,ok,EKTR4.SA,Utilidade Pública,EKTR4
EMAE4.SA,ok,EMAE4.SA,Utilidade Pública,EMAE4
ENGI11.SA,ok,ENGI11.SA,Utilidade Pública,ENGI11
ENMT3.SA,ok,ENMT3.SA,Utilidade Pública,ENMT3
EQPA3.SA,ok,EQPA3.SA,Utilidade Pública,EQPA3
ESPA3.SA,ok,ESPA3.SA,Saúde,ESPA3
ISAE4.SA,ok,ISAE4.SA,Utilidade Pública,ISAE4
NATU3.SA,ok,NATU3.SA,Saúde,NATU3
NEOE3.SA,ok,NEOE3.SA,Utilidade Pública,NEOE3
ODPV3.SA,ok,ODPV3.SA,Saúde,ODPV3
ONCO3.SA,ok,ONCO3.SA,Saúde,ONCO3
RDOR3.SA,ok,RDOR3.SA,Saúde,RDOR3
REDE3.SA,ok,REDE3.SA,Utilidade Pública,REDE3
SAPR4.SA,ok,SAPR4.SA,Utilidade Pública,SAPR4
SBSP3.SA,ok,SBSP3.SA,Utilidade Pública,SBSP3
AFLT3.SA,ok,AFLT3.SA,Utilidade Pública,AFLT3
ALUP4.SA,ok,ALUP4.SA,Utilidade Pública,ALUP4
AMBP3.SA,ok,AMBP3.SA,Utilidade Pública,AMBP3
BRKM3.SA,ok,BRKM3.SA,Utilidade Pública,BRKM3
CSMG3.SA,ok,CSMG3.SA,Utilidade Pública,CSMG3
ENEV3.SA,ok,ENEV3.SA,Utilidade Pública,ENEV3
EQTL3.SA,ok,EQTL3.SA,Utilidade Pública,EQTL3
GEPA3.SA,ok,GEPA3.SA,Utilidade Pública,GEPA3
GPAR3.SA,ok,GPAR3.SA,Utilidade Pública,GPAR3
ORVR3.SA,ok,ORVR3.SA,Utilidade Pública,ORVR3
RNEW4.SA,ok,RNEW4.SA,Utilidade Pública,RNEW4
TAEE11.SA,ok,TAEE11.SA,Utilidade Pública,TAEE11
PTCA3.SA,falha,PTCA3.SA,Bens Industriais,PTCA3
IVPR3.SA,falha,IVPR3.SA,Construção e Transporte,IVPR3
RMPL3.SA,falha,RMPL3.SA,Construção e Transporte,RMPL3
WINE3.SA,falha,WINE3.SA,Consumo Cíclico,WINE3
CPGT3.SA,falha,CPGT3.SA,Utilidade Pública,CPGT3
BSEC3.SA,falha,BSEC3.SA,Financeiro,BSEC3
PAMP3.SA,falha,PAMP3.SA,Utilidade Pública,PAMP3
CHPC3.SA,falha,CHPC3.SA,Consumo Não Cíclico,CHPC3
PRCM3.SA,falha,PRCM3.SA,Comunicações,PRCM3
CRAD3.SA,falha,CRAD3.SA,Consumo Não Cíclico,CRAD3
OTRS3.SA,falha,OTRS3.SA,Financeiro,OTRS3
CBOH3.SA,falha,CBOH3.SA,"Petróleo, Gás e Biocombustíveis",CBOH3
CEMR3.SA,falha,CEMR3.SA,Utilidade Pública,CEMR3
ARND3.SA,falha,ARND3.SA,Financeiro,ARND3
EMCC3.SA,falha,EMCC3.SA,Construção e Transporte,EMCC3
VIPL3.SA,falha,VIPL3.SA,Materiais Básicos,VIPL3
HCAR3.SA,falha,HCAR3.SA,Saúde,HCAR3
PASS3.SA,falha,PASS3.SA,Utilidade Pública,PASS3
ENVI3.SA,falha,ENVI3.SA,Construção e Transporte,ENVI3
CPFT3.SA,falha,CPFT3.SA,Utilidade Pública,CPFT3
CPLD3.SA,falha,CPLD3.SA,Utilidade Pública,CPLD3
INBR3.SA,falha,INBR3.SA,Consumo Cíclico,INBR3
PTFE3.SA,falha,PTFE3.SA,Construção e Transporte,PTFE3
NISE3.SA,falha,NISE3.SA,Consumo Cíclico,NISE3
EMBR3.SA,falha,EMBR3.SA,Bens Industriais,EMBR3
CPLE6.SA,falha,CPLE6.SA,Utilidade Pública,CPLE6
RMSL3.SA,falha,RMSL3.SA,Construção e Transporte,RMSL3
NRT3.SA,falha,NRT3.SA,Utilidade Pública,NRT3
LUPO3.SA,falha,LUPO3.SA,Consumo Cíclico,LUPO3
ROVI3.SA,falha,ROVI3.SA,Construção e Transporte,ROVI3
BBML3.SA,falha,BBML3.SA,Construção e Transporte,BBML3
SNBP3.SA,falha,SNBP3.SA,Consumo Cíclico,SNBP3
ENMR3.SA,falha,ENMR3.SA,Utilidade Pública,ENMR3
RPAR3.SA,falha,RPAR3.SA,Utilidade Pública,RPAR3
TSOL3.SA,falha,TSOL3.SA,Construção e Transporte,TSOL3
VERO3.SA,falha,VERO3.SA,Construção e Transporte,VERO3
CARO3.SA,falha,CARO3.SA,Construção e Transporte,CARO3
FICA3.SA,falha,FICA3.SA,Construção e Transporte,FICA3
VPLT3.SA,falha,VPLT3.SA,Construção e Transporte,VPLT3
AUZZ3.SA,falha,AUZZ3.SA,Financeiro,AUZZ3
LXTP3.SA,falha,LXTP3.SA,Utilidade Pública,LXTP3
ANHB3.SA,falha,ANHB3.SA,Construção e Transporte,ANHB3
GSHC3.SA,falha,GSHC3.SA,Saúde,GSHC3
MANT3.SA,falha,MANT3.SA,Utilidade Pública,MANT3
ARBT3.SA,falha,ARBT3.SA,Construção e Transporte,ARBT3
GRU3.SA,falha,GRU3.SA,Construção e Transporte,GRU3
ENBR3.SA,falha,ENBR3.SA,Utilidade Pública,ENBR3
EZIN3.SA,falha,EZIN3.SA,Construção e Transporte,EZIN3
E050.SA,falha,E050.SA,Construção e Transporte,E050
TEGR3.SA,falha,TEGR3.SA,Construção e Transporte,TEGR3
PROM3.SA,falha,PROM3.SA,Utilidade Pública,PROM3
ZAMP3.SA,falha,ZAMP3.SA,Financeiro,ZAMP3
TJMM3.SA,falha,TJMM3.SA,Utilidade Pública,TJMM3
CRTM3.SA,falha,CRTM3.SA,Utilidade Pública,CRTM3
LIEN3.SA,falha,LIEN3.SA,Utilidade Pública,LIEN3
CGRD3.SA,falha,CGRD3.SA,Financeiro,CGRD3
ARGO3.SA,falha,ARGO3.SA,Utilidade Pública,ARGO3
LEAD3.SA,falha,LEAD3.SA,Financeiro,LEAD3
AJSH3.SA,falha,AJSH3.SA,Consumo Cíclico,AJSH3
AMZN3.SA,falha,AMZN3.SA,Consumo Cíclico,AMZN3
IFRS3.SA,falha,IFRS3.SA,Financeiro,IFRS3
MADE3.SA,falha,MADE3.SA,Consumo Não Cíclico,MADE3
CBML3.SA,falha,CBML3.SA,Materiais Básicos,CBML3
CORS3.SA,falha,CORS3.SA,Utilidade Pública,CORS3
ENSE3.SA,falha,ENSE3.SA,Utilidade Pública,ENSE3
FRNS3.SA,falha,FRNS3.SA,Construção e Transporte,FRNS3
INCE3.SA,falha,INCE3.SA,Construção e Transporte,INCE3
RIOM3.SA,falha,RIOM3.SA,Construção e Transporte,RIOM3
SCPI3.SA,falha,SCPI3.SA,Financeiro,SCPI3
KALU3.SA,falha,KALU3.SA,Consumo Cíclico,KALU3
NTSD3.SA,falha,NTSD3.SA,"Petróleo, Gás e Biocombustíveis",NTSD3
CCND3.SA,falha,CCND3.SA,Outros,CCND3
CSCF3.SA,falha,CSCF3.SA,Financeiro,CSCF3
ARIO3.SA,falha,ARIO3.SA,Utilidade Pública,ARIO3
EPON3.SA,falha,EPON3.SA,Construção e Transporte,EPON3
LTLA3.SA,falha,LTLA3.SA,Materiais Básicos,LTLA3
FOZR3.SA,falha,FOZR3.SA,Utilidade Pública,FOZR3
PARD3.SA,falha,PARD3.SA,Saúde,PARD3
ALRS3.SA,falha,ALRS3.SA,Comunicações,ALRS3
TBRS3.SA,falha,TBRS3.SA,Construção e Transporte,TBRS3
BAGE3.SA,falha,BAGE3.SA,Construção e Transporte,BAGE3
AUOP3.SA,falha,AUOP3.SA,Utilidade Pública,AUOP3
CNSY3.SA,falha,CNSY3.SA,Consumo Cíclico,CNSY3
CTAX3.SA,falha,CTAX3.SA,Comunicações,CTAX3
RISU3.SA,falha,RISU3.SA,Construção e Transporte,RISU3
MRFG3.SA,falha,MRFG3.SA,Consumo Não Cíclico,MRFG3
CAGE3.SA,falha,CAGE3.SA,Utilidade Pública,CAGE3
LVTC3.SA,falha,LVTC3.SA,Consumo Cíclico,LVTC3
MIPA4.SA,falha,MIPA4.SA,Consumo Cíclico,MIPA4
CMGS3.SA,falha,CMGS3.SA,Construção e Transporte,CMGS3
HAUS3.SA,falha,HAUS3.SA,Outros,HAUS3
CEJA3.SA,falha,CEJA3.SA,Utilidade Pública,CEJA3
MITE3.SA,falha,MITE3.SA,Construção e Transporte,MITE3
STBP3.SA,falha,STBP3.SA,Construção e Transporte,STBP3
AFDI3.SA,falha,AFDI3.SA,Construção e Transporte,AFDI3
ARG6.SA,falha,ARG6.SA,Utilidade Pública,ARG6
CEG3.SA,falha,CEG3.SA,Utilidade Pública,CEG3
BFTI3.SA,falha,BFTI3.SA,Consumo Cíclico,BFTI3
CEPE5.SA,falha,CEPE5.SA,Utilidade Pública,CEPE5
CPFL3.SA,falha,CPFL3.SA,Utilidade Pública,CPFL3
ECVS3.SA,falha,ECVS3.SA,Construção e Transporte,ECVS3
ITPB3.SA,falha,ITPB3.SA,Utilidade Pública,ITPB3
PLGS3.SA,falha,PLGS3.SA,Utilidade Pública,PLGS3
CRTE5.SA,falha,CRTE5.SA,Construção e Transporte,CRTE5
WTCR3.SA,falha,WTCR3.SA,Consumo Cíclico,WTCR3
EQMA3.SA,falha,EQMA3.SA,Utilidade Pública,EQMA3
IGRJ3.SA,falha,IGRJ3.SA,Utilidade Pública,IGRJ3
APLS3.SA,falha,APLS3.SA,Construção e Transporte,APLS3
LOND3.SA,falha,LOND3.SA,Outros,LOND3
SRNA3.SA,falha,SRNA3.SA,Utilidade Pública,SRNA3
ENGT3.SA,falha,ENGT3.SA,Utilidade Pública,ENGT3
CPRE3.SA,falha,CPRE3.SA,Utilidade Pública,CPRE3
SDES3.SA,falha,SDES3.SA,Outros,SDES3
SOMA3.SA,falha,SOMA3.SA,Consumo Cíclico,SOMA3
AVCB3.SA,falha,AVCB3.SA,Materiais Básicos,AVCB3
EQGO3.SA,falha,EQGO3.SA,Utilidade Pública,EQGO3
RALT3.SA,falha,RALT3.SA,Utilidade Pública,RALT3
TCNO3.SA,falha,TCNO3.SA,Construção e Transporte,TCNO3
SJOE4.SA,falha,SJOE4.SA,Consumo Cíclico,SJOE4
QPAR3.SA,falha,QPAR3.SA,Financeiro,QPAR3
VIXL3.SA,falha,VIXL3.SA,Construção e Transporte,VIXL3
CCBR3.SA,falha,CCBR3.SA,Construção e Transporte,CCBR3
SUGO3.SA,falha,SUGO3.SA,Construção e Transporte,SUGO3
SELF3.SA,falha,SELF3.SA,Consumo Cíclico,SELF3
CRFB3.SA,falha,CRFB3.SA,Consumo Cíclico,CRFB3
RCOL3.SA,falha,RCOL3.SA,Construção e Transporte,RCOL3
XXNV3.SA,falha,XXNV3.SA,Outros,XXNV3
EBES3.SA,falha,EBES3.SA,Utilidade Pública,EBES3
UNQM3.SA,falha,UNQM3.SA,Utilidade Pública,UNQM3
ECVI3.SA,falha,ECVI3.SA,Construção e Transporte,ECVI3
ARG5.SA,falha,ARG5.SA,Utilidade Pública,ARG5
SNRS3.SA,falha,SNRS3.SA,Comunicações,SNRS3
VTAL3.SA,falha,VTAL3.SA,Comunicações,VTAL3
AZEV11.SA,falha,AZEV11.SA,Construção e Transporte,AZEV11
MRSA3.SA,falha,MRSA3.SA,Construção e Transporte,MRSA3
BRQS3.SA,falha,BRQS3.SA,Comunicações,BRQS3
LISE3.SA,falha,LISE3.SA,Utilidade Pública,LISE3
LMTP3.SA,falha,LMTP3.SA,Utilidade Pública,LMTP3
MNLT3.SA,falha,MNLT3.SA,Outros,MNLT3
CSRN3.SA,falha,CSRN3.SA,Utilidade Pública,CSRN3
ELET3.SA,falha,ELET3.SA,Utilidade Pública,ELET3
ALVM3.SA,falha,ALVM3.SA,Outros,ALVM3
PATR3.SA,falha,PATR3.SA,Construção e Transporte,PATR3
ORZM3.SA,falha,ORZM3.SA,Utilidade Pública,ORZM3
KALL3.SA,falha,KALL3.SA,Construção e Transporte,KALL3
OCEN3.SA,falha,OCEN3.SA,"Petróleo, Gás e Biocombustíveis",OCEN3
BFRE3.SA,falha,BFRE3.SA,Financeiro,BFRE3
YOUC3.SA,falha,YOUC3.SA,Construção e Transporte,YOUC3
PDGS3.SA,falha,PDGS3.SA,Financeiro,PDGS3
INTP3.SA,falha,INTP3.SA,Saúde,INTP3
BETP3.SA,falha,BETP3.SA,Financeiro,BETP3
RMNO3.SA,falha,RMNO3.SA,Construção e Transporte,RMNO3
NBRT3.SA,falha,NBRT3.SA,Utilidade Pública,NBRT3
HORT3.SA,falha,HORT3.SA,Consumo Cíclico,HORT3
TEUT3.SA,falha,TEUT3.SA,Saúde,TEUT3
NEUM3.SA,falha,NEUM3.SA,Financeiro,NEUM3
SOLB3.SA,falha,SOLB3.SA,Consumo Não Cíclico,SOLB3
MIGB3.SA,falha,MIGB3.SA,Consumo Cíclico,MIGB3
IVTC3.SA,falha,IVTC3.SA,Utilidade Pública,IVTC3
IGTA3.SA,falha,IGTA3.SA,Consumo Cíclico,IGTA3
TLSA3.SA,falha,TLSA3.SA,Construção e Transporte,TLSA3
ENMS3.SA,falha,ENMS3.SA,Utilidade Pública,ENMS3
JBSS3.SA,falha,JBSS3.SA,Consumo Não Cíclico,JBSS3
BTRM3.SA,falha,BTRM3.SA,Utilidade Pública,BTRM3
SQIA3.SA,falha,SQIA3.SA,Comunicações,SQIA3
FTLN3.SA,falha,FTLN3.SA,Construção e Transporte,FTLN3
CATA4.SA,falha,CATA4.SA,Consumo Cíclico,CATA4
CSCI3.SA,falha,CSCI3.SA,Financeiro,CSCI3
RMOE3.SA,falha,RMOE3.SA,Construção e Transporte,RMOE3
BNDP3.SA,falha,BNDP3.SA,Outros,BNDP3
KINF3.SA,falha,KINF3.SA,Construção e Transporte,KINF3
CELP3.SA,falha,CELP3.SA,Outros,CELP3
CPTM3.SA,falha,CPTM3.SA,Utilidade Pública,CPTM3
GAMA3.SA,falha,GAMA3.SA,Outros,GAMA3
RBNS11.SA,falha,RBNS11.SA,Comunicações,RBNS11
SNOP3.SA,falha,SNOP3.SA,Utilidade Pública,SNOP3
SUZH3.SA,falha,SUZH3.SA,Materiais Básicos,SUZH3
EURO3.SA,falha,EURO3.SA,Saúde,EURO3
TOKY3.SA,falha,TOKY3.SA,Consumo Cíclico,TOKY3
CADP3.SA,falha,CADP3.SA,Financeiro,CADP3
FGOM3.SA,falha,FGOM3.SA,Utilidade Pública,FGOM3
BONA3.SA,falha,BONA3.SA,Utilidade Pública,BONA3
LCFL3.SA,falha,LCFL3.SA,Construção e Transporte,LCFL3
ARTR3.SA,falha,ARTR3.SA,Construção e Transporte,ARTR3
ATAS3.SA,falha,ATAS3.SA,Consumo Cíclico,ATAS3
SRGE3.SA,falha,SRGE3.SA,Utilidade Pública,SRGE3
MLOG3.SA,falha,MLOG3.SA,Outros,MLOG3
CLSA3.SA,falha,CLSA3.SA,Comunicações,CLSA3
IFIN3.SA,falha,IFIN3.SA,Financeiro,IFIN3
RCIB3.SA,falha,RCIB3.SA,Financeiro,RCIB3
MOTI3.SA,falha,MOTI3.SA,Construção e Transporte,MOTI3
LAMS3.SA,falha,LAMS3.SA,Construção e Transporte,LAMS3
PIRP3.SA,falha,PIRP3.SA,Utilidade Pública,PIRP3
CMGT3.SA,falha,CMGT3.SA,Utilidade Pública,CMGT3
TIGR3.SA,falha,TIGR3.SA,Construção e Transporte,TIGR3
TGMC3.SA,falha,TGMC3.SA,Construção e Transporte,TGMC3
CVLB3.SA,falha,CVLB3.SA,Consumo Cíclico,CVLB3
PACA3.SA,falha,PACA3.SA,Construção e Transporte,PACA3
QUSW3.SA,falha,QUSW3.SA,Comunicações,QUSW3
PINE11.SA,falha,PINE11.SA,Financeiro,PINE11
PRFT3.SA,falha,PRFT3.SA,"Petróleo, Gás e Biocombustíveis",PRFT3
CMGD3.SA,falha,CMGD3.SA,Utilidade Pública,CMGD3
DNMC3.SA,falha,DNMC3.SA,Utilidade Pública,DNMC3
QVQP3B.SA,falha,QVQP3B.SA,Outros,QVQP3B
ALIS3.SA,falha,ALIS3.SA,Construção e Transporte,ALIS3
YBYR3.SA,falha,YBYR3.SA,Outros,YBYR3
TPE3.SA,falha,TPE3.SA,Utilidade Pública,TPE3
PPFX3.SA,falha,PPFX3.SA,Construção e Transporte,PPFX3
SBFC3.SA,falha,SBFC3.SA,Consumo Cíclico,SBFC3
RMCE3.SA,falha,RMCE3.SA,Construção e Transporte,RMCE3
SCME3.SA,falha,SCME3.SA,Financeiro,SCME3
SULB3.SA,falha,SULB3.SA,Comunicações,SULB3
VB16.SA,falha,VB16.SA,Construção e Transporte,VB16
CIEL3.SA,falha,CIEL3.SA,Financeiro,CIEL3
LTEL3.SA,falha,LTEL3.SA,Materiais Básicos,LTEL3
ELEA3.SA,falha,ELEA3.SA,Comunicações,ELEA3
ARAG3.SA,falha,ARAG3.SA,Construção e Transporte,ARAG3
DAYC4.SA,falha,DAYC4.SA,Financeiro,DAYC4
ELDP3.SA,falha,ELDP3.SA,Materiais Básicos,ELDP3
PRMT3.SA,falha,PRMT3.SA,Outros,PRMT3
RBND3.SA,falha,RBND3.SA,Construção e Transporte,RBND3
ARGE3.SA,falha,ARGE3.SA,Utilidade Pública,ARGE3
CEEE3.SA,falha,CEEE3.SA,Utilidade Pública,CEEE3
BBRK3.SA,falha,BBRK3.SA,Construção e Transporte,BBRK3
BDLE3.SA,falha,BDLE3.SA,Financeiro,BDLE3
BRKP3.SA,falha,BRKP3.SA,Utilidade Pública,BRKP3
GOLL4.SA,falha,GOLL4.SA,Construção e Transporte,GOLL4
EESG3.SA,falha,EESG3.SA,Utilidade Pública,EESG3
FULW3.SA,falha,FULW3.SA,Construção e Transporte,FULW3
RUMO3.SA,falha,RUMO3.SA,Construção e Transporte,RAIL3
WTCA3.SA,falha,WTCA3.SA,Consumo Cíclico,WTCA3
RSMT3.SA,falha,RSMT3.SA,Construção e Transporte,RSMT3
ALTI3.SA,falha,ALTI3.SA,Saúde,ALTI3
CLAR3.SA,falha,CLAR3.SA,Comunicações,CLAR3
LMTR3.SA,falha,LMTR3.SA,Construção e Transporte,LMTR3
MEND5.SA,falha,MEND5.SA,Construção e Transporte,MEND5
BION3.SA,falha,BION3.SA,Comunicações,BION3
ASAB3.SA,falha,ASAB3.SA,Utilidade Pública,ASAB3
PSVM3.SA,falha,PSVM3.SA,Construção e Transporte,PSVM3
BRFS3.SA,falha,BRFS3.SA,Consumo Não Cíclico,BRFS3
SULP4.SA,falha,SULP4.SA,Construção e Transporte,SULP4
UNDA3.SA,falha,UNDA3.SA,Comunicações,UNDA3
PORT3.SA,falha,PORT3.SA,Construção e Transporte,PORT3
VRON3.SA,falha,VRON3.SA,Construção e Transporte,VRON3
PRBC4.SA,falha,PRBC4.SA,Financeiro,PRBC4
CANT3.SA,falha,CANT3.SA,Consumo Cíclico,CANT3
TRVF3.SA,falha,TRVF3.SA,Financeiro,TRVF3
RDVT3.SA,falha,RDVT3.SA,Construção e Transporte,RDVT3
ENSS3.SA,falha,ENSS3.SA,Utilidade Pública,ENSS3
TRVM3.SA,falha,TRVM3.SA,Financeiro,TRVM3
CHES3.SA,falha,CHES3.SA,Utilidade Pública,CHES3
SAAU3.SA,falha,SAAU3.SA,Consumo Cíclico,SAAU3
SAN3.SA,falha,SAN3.SA,Utilidade Pública,SAN3
GRAN3.SA,falha,GRAN3.SA,Consumo Não Cíclico,GRAN3
HMOB3.SA,falha,HMOB3.SA,Outros,HMOB3
NWTL3.SA,falha,NWTL3.SA,Comunicações,NWTL3
MNRD3.SA,falha,MNRD3.SA,Construção e Transporte,MNRD3
RGES3.SA,falha,RGES3.SA,Utilidade Pública,RGES3
ELTR3.SA,falha,ELTR3.SA,Comunicações,ELTR3
CART3.SA,falha,CART3.SA,Construção e Transporte,CART3
CBND3.SA,falha,CBND3.SA,Outros,CBND3
CEDAE3.SA,falha,CEDAE3.SA,Utilidade Pública,CEDAE3
RZEN3.SA,falha,RZEN3.SA,Consumo Não Cíclico,RZEN3
KRSA3.SA,falha,KRSA3.SA,Comunicações,KRSA3
ELPL3.SA,falha,ELPL3.SA,Utilidade Pública,ELPL3
MAES3.SA,falha,MAES3.SA,Construção e Transporte,MAES3
AEGE3.SA,falha,AEGE3.SA,Utilidade Pública,AEGE3
JMAC3.SA,falha,JMAC3.SA,Consumo Não Cíclico,JMAC3
COMC3.SA,falha,COMC3.SA,Utilidade Pública,COMC3
ECCE3.SA,falha,ECCE3.SA,Construção e Transporte,ECCE3
RDBR3.SA,falha,RDBR3.SA,Construção e Transporte,RDBR3
EIXO3.SA,falha,EIXO3.SA,Construção e Transporte,EIXO3
AMMO3.SA,falha,AMMO3.SA,Consumo Cíclico,AMMO3
NTCO3.SA,falha,NTCO3.SA,Saúde,NTCO3
JHML3.SA,falha,JHML3.SA,Consumo Cíclico,JHML3
MLTN3.SA,falha,MLTN3.SA,Utilidade Pública,MLTN3
CTCA3.SA,falha,CTCA3.SA,Consumo Não Cíclico,CTCA3
E101.SA,falha,E101.SA,Construção e Transporte,E101
TRVS3.SA,falha,TRVS3.SA,Financeiro,TRVS3
EDSP3.SA,falha,EDSP3.SA,Utilidade Pública,EDSP3
SAEN3.SA,falha,SAEN3.SA,Utilidade Pública,SAEN3
LMED3.SA,falha,LMED3.SA,Bens Industriais,LMED3
ROST3.SA,falha,ROST3.SA,Construção e Transporte,ROST3
CPTP3.SA,falha,CPTP3.SA,Comunicações,CPTP3
ANCH3.SA,falha,ANCH3.SA,Saúde,ANCH3
SEIV4.SA,falha,SEIV4.SA,Materiais Básicos,SEIV4
FORP3.SA,falha,FORP3.SA,Comunicações,FORP3
METN4.SA,falha,METN4.SA,Materiais Básicos,METN4
BSLI4.SA,falha,BSLI4.SA,Financeiro,BSLI4
TCPP3.SA,falha,TCPP3.SA,Construção e Transporte,TCPP3
MMXM3.SA,falha,MMXM3.SA,Materiais Básicos,MMXM3
CAMU3.SA,falha,CAMU3.SA,Consumo Não Cíclico,CAMU3
URBA3.SA,falha,URBA3.SA,Construção e Transporte,URBA3
TWEC3.SA,falha,TWEC3.SA,Utilidade Pública,TWEC3
ITAO3.SA,falha,ITAO3.SA,Consumo Não Cíclico,ITAO3
BSBE3.SA,falha,BSBE3.SA,Utilidade Pública,BSBE3
NRTQ3.SA,falha,NRTQ3.SA,Saúde,NRTQ3
AFLU3.SA,falha,AFLU3.SA,Construção e Transporte,AFLU3
AGUA3.SA,falha,AGUA3.SA,Utilidade Pública,AGUA3
AUPR3.SA,falha,AUPR3.SA,Utilidade Pública,AUPR3
BLUT3.SA,falha,BLUT3.SA,Consumo Não Cíclico,BLUT3
TESA3.SA,falha,TESA3.SA,Consumo Não Cíclico,TESA3
ANIMA3.SA,falha,ANIMA3.SA,Outros,ANIMA3
ALGT3.SA,falha,ALGT3.SA,Comunicações,ALGT3
ELFA3.SA,falha,ELFA3.SA,Saúde,ELFA3
LUBR3.SA,falha,LUBR3.SA,"Petróleo, Gás e Biocombustíveis",LUBR3
SANE3.SA,falha,SANE3.SA,Utilidade Pública,SANE3
ATER3.SA,falha,ATER3.SA,Utilidade Pública,ATER3
WIZS3.SA,falha,WIZS3.SA,Materiais Básicos,WIZS3
BIED3.SA,falha,BIED3.SA,Outros,BIED3
REGE3.SA,falha,REGE3.SA,Utilidade Pública,REGE3
CAND3.SA,falha,CAND3.SA,Outros,CAND3
IGUA3.SA,falha,IGUA3.SA,Utilidade Pública,IGUA3
TBLU4.SA,falha,TBLU4.SA,Consumo Cíclico,TBLU4
FRTA3.SA,falha,FRTA3.SA,Consumo Não Cíclico,FRTA3
ECAG3.SA,falha,ECAG3.SA,Construção e Transporte,ECAG3
ASCP3.SA,falha,ASCP3.SA,Construção e Transporte,ASCP3
ESST3.SA,falha,ESST3.SA,Utilidade Pública,ESST3
GSMG3.SA,falha,GSMG3.SA,Utilidade Pública,GSMG3
DIBE3.SA,falha,DIBE3.SA,Financeiro,DIBE3
TAPJ3.SA,falha,TAPJ3.SA,Utilidade Pública,TAPJ3
ENPB3.SA,falha,ENPB3.SA,Utilidade Pública,ENPB3
